{
    "camera_matrix": [
        [
            672.165137,
            0,
            640.000000
        ],
        [
            0,
            672.165137,
            360.000000
        ],
        [
            0,
            0,
            1
        ]
    ],
    "dist_coeff": [
        -0.311601,
        0.077905,
        0.003057,
        -0.004029,
        0
    ]
}